Node	DMN_LABEL_1	Vis_LABEL_2	FP_LABEL_3	Aud_LABEL_4	Tpole_LABEL_5	PMN_LABEL_6	PON_LABEL_7	MTL_LABEL_8	PON_LABEL_9	CO_LABEL_10	Sal_LABEL_11	CO_LABEL_12	SMd_LABEL_13	SMl_LABEL_14	DAN_LABEL_15	DMN_LABEL_16	CO_LABEL_17	DMN_LABEL_18	VAN_LABEL_19	CO_LABEL_20	CO_LABEL_21	Sal_LABEL_22	DAN_LABEL_23	PMN_LABEL_24	DAN_LABEL_25	DMN_LABEL_26	DMN_LABEL_27	DMN_LABEL_28	Vis_LABEL_29	FP_LABEL_30	Aud_LABEL_31	Tpole_LABEL_32	PMN_LABEL_33	PON_LABEL_34	MTL_LABEL_35	CO_LABEL_36	Sal_LABEL_37	CO_LABEL_38	SMd_LABEL_39	SMl_LABEL_40	DAN_LABEL_41	CO_LABEL_42	VAN_LABEL_43	CO_LABEL_44	CO_LABEL_45	Sal_LABEL_46	DAN_LABEL_47	PMN_LABEL_48	DAN_LABEL_49	DMN_LABEL_50	FP_LABEL_51	DMN_LABEL_52	DMN_LABEL_53	PON_LABEL_54	DMN_LABEL_55	Tpole_LABEL_56	Tpole_LABEL_57	Sal_LABEL_58	Sal_LABEL_59	SMd_LABEL_60	DAN_LABEL_61	FP_LABEL_62	DMN_LABEL_63	FP_LABEL_64	FP_LABEL_65	SMd_LABEL_66	SMl_LABEL_67	SMd_LABEL_68	DMN_LABEL_69	DAN_LABEL_70	DMN_LABEL_71	FP_LABEL_72	SMd_LABEL_73	SMl_LABEL_74	MTL_LABEL_75	MTL_LABEL_76	CO_LABEL_77	CO_LABEL_78	Vis_LABEL_79	Vis_LABEL_80
DMN_LABEL_1	1.0	-0.1494937241077423	0.5828447937965393	0.44288626313209534	n/a	0.03682394698262215	-0.2670564651489258	n/a	n/a	0.11570138484239578	-0.3643838167190552	-0.40003952383995056	-0.3600885570049286	0.13723963499069214	-0.3107506334781647	-0.11569145321846008	0.5399714708328247	n/a	0.023080790415406227	-0.18920829892158508	0.08364003896713257	0.1327323168516159	0.5395537614822388	0.14526130259037018	-0.3091261088848114	-0.06989849358797073	0.3478420376777649	-0.020485322922468185	n/a	-0.2616329491138458	0.21311451494693756	n/a	0.13288432359695435	-0.11730019748210907	n/a	-0.1894550323486328	-0.024204155430197716	-0.46894925832748413	-0.010594997555017471	-0.25665637850761414	0.6652653217315674	0.2816515862941742	0.12309028953313828	n/a	-0.30231061577796936	n/a	-0.5099458694458008	0.08567219972610474	n/a	-0.2831534147262573	-0.4794332981109619	0.31041258573532104	n/a	n/a	-0.2726536691188812	n/a	n/a	0.0005862733232788742	-0.21926338970661163	n/a	n/a	n/a	n/a	n/a	n/a	n/a	n/a	n/a	n/a	n/a	n/a	n/a	n/a	n/a	n/a	n/a	0.03936367109417915	n/a	n/a	n/a
Vis_LABEL_2	-0.1494937241077423	1.0	-0.17462962865829468	-0.30756649374961853	n/a	0.12925761938095093	0.5737031102180481	n/a	n/a	-0.40789058804512024	-0.10174022614955902	-0.057253383100032806	0.081380195915699	-0.21734954416751862	-0.004099830519407988	0.007974403910338879	-0.2637011706829071	n/a	0.10875911265611649	0.2643498182296753	-0.12729306519031525	-0.0029165903106331825	0.055751629173755646	0.706419050693512	0.070725217461586	-0.042587049305438995	-0.08574134111404419	-0.3265232741832733	n/a	-0.26621294021606445	-0.00020462082466110587	n/a	0.15592658519744873	0.04741545766592026	n/a	-0.1413922905921936	-0.11074367165565491	-0.22976092994213104	0.10188017785549164	-0.147863507270813	0.033132974058389664	0.18832707405090332	0.36098068952560425	n/a	0.2121681123971939	n/a	0.0049444809556007385	0.6708454489707947	n/a	-0.035529524087905884	0.24060684442520142	0.2575277090072632	n/a	n/a	-0.24954429268836975	n/a	n/a	0.35953453183174133	0.17969344556331635	n/a	n/a	n/a	n/a	n/a	n/a	n/a	n/a	n/a	n/a	n/a	n/a	n/a	n/a	n/a	n/a	n/a	0.41533997654914856	n/a	n/a	n/a
FP_LABEL_3	0.5828447937965393	-0.17462962865829468	1.0	0.27949580550193787	n/a	-0.20489434897899628	-0.04232347756624222	n/a	n/a	-0.22914139926433563	-0.07882869243621826	-0.49510565400123596	0.04561518505215645	0.08006015419960022	0.18001782894134521	0.11102839559316635	0.7621096968650818	n/a	0.24589449167251587	-0.18490716814994812	-0.030739424750208855	-0.02512207441031933	0.5463080406188965	0.04382539540529251	-0.389880895614624	-0.2876620888710022	0.45269355177879333	-0.3131152391433716	n/a	0.0631696879863739	0.3944273591041565	n/a	0.22676976025104523	-0.07822879403829575	n/a	-0.4120418429374695	-0.06542309373617172	-0.49907365441322327	0.38440436124801636	-0.43471407890319824	0.5412445664405823	0.33348897099494934	0.0890156701207161	n/a	-0.21664682030677795	n/a	0.10018958896398544	0.2696545124053955	n/a	-0.12626251578330994	-0.2264210730791092	-0.11736109852790833	n/a	n/a	-0.44138655066490173	n/a	n/a	0.004612680524587631	-0.17472544312477112	n/a	n/a	n/a	n/a	n/a	n/a	n/a	n/a	n/a	n/a	n/a	n/a	n/a	n/a	n/a	n/a	n/a	0.06968159973621368	n/a	n/a	n/a
Aud_LABEL_4	0.44288626313209534	-0.30756649374961853	0.27949580550193787	1.0	n/a	-0.2135675549507141	-0.5645444989204407	n/a	n/a	0.02506916970014572	-0.2454347461462021	-0.16643376648426056	-0.6149616241455078	0.06457886844873428	-0.3951197862625122	-0.2920669913291931	0.2193921059370041	n/a	-0.13080854713916779	0.21140559017658234	0.09275798499584198	0.03412794694304466	-0.1466662734746933	-0.329147607088089	-0.07041820138692856	0.01478974986821413	0.4787486791610718	0.2608659565448761	n/a	0.4551401734352112	-0.10000923275947571	n/a	0.1313638687133789	-0.11854346841573715	n/a	0.15191508829593658	0.05424623191356659	-0.11213397234678268	-0.47540706396102905	-0.19668126106262207	0.23618386685848236	-0.25049564242362976	-0.2749043107032776	n/a	-0.27179956436157227	n/a	-0.12190930545330048	-0.36736249923706055	n/a	0.34114277362823486	-0.061154939234256744	0.2807482182979584	n/a	n/a	0.17402976751327515	n/a	n/a	0.06931262463331223	0.14857232570648193	n/a	n/a	n/a	n/a	n/a	n/a	n/a	n/a	n/a	n/a	n/a	n/a	n/a	n/a	n/a	n/a	n/a	0.24619160592556	n/a	n/a	n/a
Tpole_LABEL_5	n/a	n/a	n/a	n/a	1.0	n/a	n/a	n/a	n/a	n/a	n/a	n/a	n/a	n/a	n/a	n/a	n/a	n/a	n/a	n/a	n/a	n/a	n/a	n/a	n/a	n/a	n/a	n/a	n/a	n/a	n/a	n/a	n/a	n/a	n/a	n/a	n/a	n/a	n/a	n/a	n/a	n/a	n/a	n/a	n/a	n/a	n/a	n/a	n/a	n/a	n/a	n/a	n/a	n/a	n/a	n/a	n/a	n/a	n/a	n/a	n/a	n/a	n/a	n/a	n/a	n/a	n/a	n/a	n/a	n/a	n/a	n/a	n/a	n/a	n/a	n/a	n/a	n/a	n/a	n/a
PMN_LABEL_6	0.03682394698262215	0.12925761938095093	-0.20489434897899628	-0.2135675549507141	n/a	1.0	0.07210276275873184	n/a	n/a	0.2507473826408386	-0.010021339170634747	0.2671135663986206	0.31731000542640686	0.2602598965167999	0.0501117929816246	0.22146575152873993	-0.0031227916479110718	n/a	0.1694692224264145	0.26895585656166077	0.14543935656547546	0.36352184414863586	0.13138575851917267	0.29045993089675903	0.25955748558044434	-0.27994224429130554	-0.5542532801628113	-0.1140352189540863	n/a	-0.18631327152252197	-0.16185396909713745	n/a	0.014519847929477692	-0.3329100012779236	n/a	-0.26585230231285095	-0.11855367571115494	-0.1955764889717102	0.1892366260290146	0.400971382856369	0.13678008317947388	0.30840757489204407	-0.10097354650497437	n/a	0.3424703776836395	n/a	-0.12456708401441574	0.11400993913412094	n/a	0.04972406476736069	-0.06908319145441055	0.2781182527542114	n/a	n/a	-0.06309807300567627	n/a	n/a	0.06264366209506989	-0.24668976664543152	n/a	n/a	n/a	n/a	n/a	n/a	n/a	n/a	n/a	n/a	n/a	n/a	n/a	n/a	n/a	n/a	n/a	0.10568203032016754	n/a	n/a	n/a
PON_LABEL_7	-0.2670564651489258	0.5737031102180481	-0.04232347756624222	-0.5645444989204407	n/a	0.07210276275873184	1.0	n/a	n/a	-0.22856587171554565	0.30961814522743225	-0.14349114894866943	0.4702386260032654	-0.09598395228385925	0.4431447386741638	0.3046424388885498	0.04993844032287598	n/a	0.40905988216400146	0.10244573652744293	0.04669305309653282	-0.10222526639699936	0.4108474552631378	0.5145938396453857	0.19679799675941467	-0.16121533513069153	-0.45632484555244446	-0.4068783223628998	n/a	-0.1958523392677307	0.20024774968624115	n/a	0.27731457352638245	0.22592304646968842	n/a	-0.09253852069377899	0.11457951366901398	-0.15752726793289185	0.48360005021095276	-0.03852992504835129	-0.09436074644327164	0.2537079155445099	0.5798929929733276	n/a	0.21526727080345154	n/a	0.2962924838066101	0.6840353608131409	n/a	-0.22093705832958221	0.27791813015937805	0.08720081299543381	n/a	n/a	-0.19914910197257996	n/a	n/a	0.1342022567987442	0.09377346187829971	n/a	n/a	n/a	n/a	n/a	n/a	n/a	n/a	n/a	n/a	n/a	n/a	n/a	n/a	n/a	n/a	n/a	0.07576196640729904	n/a	n/a	n/a
MTL_LABEL_8	n/a	n/a	n/a	n/a	n/a	n/a	n/a	1.0	n/a	n/a	n/a	n/a	n/a	n/a	n/a	n/a	n/a	n/a	n/a	n/a	n/a	n/a	n/a	n/a	n/a	n/a	n/a	n/a	n/a	n/a	n/a	n/a	n/a	n/a	n/a	n/a	n/a	n/a	n/a	n/a	n/a	n/a	n/a	n/a	n/a	n/a	n/a	n/a	n/a	n/a	n/a	n/a	n/a	n/a	n/a	n/a	n/a	n/a	n/a	n/a	n/a	n/a	n/a	n/a	n/a	n/a	n/a	n/a	n/a	n/a	n/a	n/a	n/a	n/a	n/a	n/a	n/a	n/a	n/a	n/a
PON_LABEL_9	n/a	n/a	n/a	n/a	n/a	n/a	n/a	n/a	1.0	n/a	n/a	n/a	n/a	n/a	n/a	n/a	n/a	n/a	n/a	n/a	n/a	n/a	n/a	n/a	n/a	n/a	n/a	n/a	n/a	n/a	n/a	n/a	n/a	n/a	n/a	n/a	n/a	n/a	n/a	n/a	n/a	n/a	n/a	n/a	n/a	n/a	n/a	n/a	n/a	n/a	n/a	n/a	n/a	n/a	n/a	n/a	n/a	n/a	n/a	n/a	n/a	n/a	n/a	n/a	n/a	n/a	n/a	n/a	n/a	n/a	n/a	n/a	n/a	n/a	n/a	n/a	n/a	n/a	n/a	n/a
CO_LABEL_10	0.11570138484239578	-0.40789058804512024	-0.22914139926433563	0.02506916970014572	n/a	0.2507473826408386	-0.22856587171554565	n/a	n/a	1.0	0.5083001852035522	0.347552090883255	0.22290097177028656	0.5233942270278931	0.13902199268341064	-0.3102400302886963	0.004687084816396236	n/a	0.20354726910591125	0.08405967801809311	0.3802964687347412	0.3450264632701874	0.023417778313159943	-0.37128904461860657	0.24720031023025513	-0.0005803063395433128	-0.33816030621528625	0.2721403241157532	n/a	-0.06248630955815315	-0.07364596426486969	n/a	0.1966705024242401	-0.0576128326356411	n/a	0.3955865800380707	0.4335502088069916	0.3305564820766449	0.012858175672590733	0.5281557440757751	0.0669533759355545	0.25768500566482544	0.03549640253186226	n/a	0.07487066090106964	n/a	-0.5069056749343872	-0.3869624137878418	n/a	-0.3481961786746979	-0.07054383307695389	0.13449977338314056	n/a	n/a	0.08896195888519287	n/a	n/a	-0.04119371622800827	0.018831046298146248	n/a	n/a	n/a	n/a	n/a	n/a	n/a	n/a	n/a	n/a	n/a	n/a	n/a	n/a	n/a	n/a	n/a	-0.3456380367279053	n/a	n/a	n/a
Sal_LABEL_11	-0.3643838167190552	-0.10174022614955902	-0.07882869243621826	-0.2454347461462021	n/a	-0.010021339170634747	0.30961814522743225	n/a	n/a	0.5083001852035522	1.0	0.19593001902103424	0.6689953804016113	0.50462406873703	0.7465691566467285	-0.09605058282613754	0.023962916806340218	n/a	0.45567142963409424	0.12139655649662018	0.4046863615512848	0.03635324165225029	0.02722235396504402	-0.3125309348106384	0.1805523931980133	-0.24585765600204468	-0.31722456216812134	0.15695428848266602	n/a	0.0511239618062973	0.011284559965133667	n/a	0.4407116174697876	0.11965741962194443	n/a	0.3013382852077484	0.5365394353866577	0.3004048764705658	0.30409368872642517	0.3021543622016907	-0.1607678383588791	0.1477874219417572	0.16996246576309204	n/a	-0.023549603298306465	n/a	0.16099442541599274	0.059951428323984146	n/a	-0.2708016633987427	0.4088047444820404	-0.13694332540035248	n/a	n/a	0.09288600832223892	n/a	n/a	-0.04445204138755798	0.037753909826278687	n/a	n/a	n/a	n/a	n/a	n/a	n/a	n/a	n/a	n/a	n/a	n/a	n/a	n/a	n/a	n/a	n/a	-0.22115643322467804	n/a	n/a	n/a
CO_LABEL_12	-0.40003952383995056	-0.057253383100032806	-0.49510565400123596	-0.16643376648426056	n/a	0.2671135663986206	-0.14349114894866943	n/a	n/a	0.347552090883255	0.19593001902103424	1.0	0.23568250238895416	0.18079936504364014	-0.080771803855896	-0.05831440910696983	-0.4132317304611206	n/a	-0.19057008624076843	0.433229923248291	0.028480088338255882	0.3164074718952179	-0.3445969223976135	-0.21553051471710205	0.2573886811733246	0.013838044367730618	-0.22135812044143677	0.06123409792780876	n/a	0.15753409266471863	-0.138313427567482	n/a	-0.06704308092594147	0.15504272282123566	n/a	0.31397566199302673	0.15189425647258759	0.5918267965316772	-0.020589394494891167	0.4297795295715332	-0.14444151520729065	0.08291599154472351	-0.36743074655532837	n/a	0.30594998598098755	n/a	-0.18029320240020752	-0.17369334399700165	n/a	0.04398046433925629	0.2235693335533142	-0.031897060573101044	n/a	n/a	0.05662786588072777	n/a	n/a	-0.019823212176561356	0.002479905029758811	n/a	n/a	n/a	n/a	n/a	n/a	n/a	n/a	n/a	n/a	n/a	n/a	n/a	n/a	n/a	n/a	n/a	-0.09361536800861359	n/a	n/a	n/a
SMd_LABEL_13	-0.3600885570049286	0.081380195915699	0.04561518505215645	-0.6149616241455078	n/a	0.31731000542640686	0.4702386260032654	n/a	n/a	0.22290097177028656	0.6689953804016113	0.23568250238895416	1.0	0.44089585542678833	0.7691983580589294	0.2845567762851715	0.1494121551513672	n/a	0.5296138525009155	0.09368376433849335	0.3557198941707611	0.15935152769088745	0.29179075360298157	0.17254646122455597	0.16213557124137878	-0.3919055163860321	-0.4550636112689972	-0.26400792598724365	n/a	-0.1498304009437561	0.19233906269073486	n/a	0.30542081594467163	0.06556391716003418	n/a	-0.061072155833244324	0.17192117869853973	0.08371937274932861	0.7480456829071045	0.3044665455818176	0.05094536393880844	0.4683501124382019	0.2105678915977478	n/a	0.3215777575969696	n/a	0.23341038823127747	0.41299864649772644	n/a	-0.3321020007133484	0.2735576629638672	-0.15930329263210297	n/a	n/a	-0.18449179828166962	n/a	n/a	0.048473503440618515	-0.1916624903678894	n/a	n/a	n/a	n/a	n/a	n/a	n/a	n/a	n/a	n/a	n/a	n/a	n/a	n/a	n/a	n/a	n/a	-0.10838447511196136	n/a	n/a	n/a
SMl_LABEL_14	0.13723963499069214	-0.21734954416751862	0.08006015419960022	0.06457886844873428	n/a	0.2602598965167999	-0.09598395228385925	n/a	n/a	0.5233942270278931	0.50462406873703	0.18079936504364014	0.44089585542678833	1.0	0.4184899628162384	0.07196521759033203	0.11574556678533554	n/a	0.3223017752170563	0.23544859886169434	0.732788622379303	0.20645050704479218	0.025546664372086525	-0.09065114706754684	-0.06242905184626579	-0.2751820385456085	-0.059761565178632736	0.029208742082118988	n/a	0.025617821142077446	-0.31658145785331726	n/a	0.5222519636154175	-0.13557712733745575	n/a	0.06338710337877274	0.1437961608171463	0.07480690628290176	0.15476928651332855	0.37851572036743164	0.21173672378063202	0.12429668754339218	-0.11180313676595688	n/a	-0.19690920412540436	n/a	-0.05964396148920059	0.012613633647561073	n/a	-0.24766671657562256	0.25202232599258423	-0.05833114683628082	n/a	n/a	-0.1513589471578598	n/a	n/a	-0.17332755029201508	-0.33629074692726135	n/a	n/a	n/a	n/a	n/a	n/a	n/a	n/a	n/a	n/a	n/a	n/a	n/a	n/a	n/a	n/a	n/a	0.06573612242937088	n/a	n/a	n/a
DAN_LABEL_15	-0.3107506334781647	-0.004099830519407988	0.18001782894134521	-0.3951197862625122	n/a	0.0501117929816246	0.4431447386741638	n/a	n/a	0.13902199268341064	0.7465691566467285	-0.080771803855896	0.7691983580589294	0.4184899628162384	1.0	0.20088176429271698	0.1633555293083191	n/a	0.5360301733016968	-0.024512510746717453	0.4120619297027588	-0.12502220273017883	0.16633929312229156	-0.11692724376916885	-0.015654221177101135	-0.3106483519077301	-0.24810613691806793	-0.055375441908836365	n/a	-0.06160573288798332	0.055818572640419006	n/a	0.32585111260414124	0.24279062449932098	n/a	0.04311416670680046	0.25601688027381897	0.011382834985852242	0.5143142342567444	0.029129095375537872	-0.05964626744389534	0.1642814427614212	0.22636505961418152	n/a	-0.020961135625839233	n/a	0.4553695023059845	0.24852915108203888	n/a	-0.160938560962677	0.3384484052658081	-0.11188977211713791	n/a	n/a	0.06559198349714279	n/a	n/a	-0.11315738409757614	-0.2189725786447525	n/a	n/a	n/a	n/a	n/a	n/a	n/a	n/a	n/a	n/a	n/a	n/a	n/a	n/a	n/a	n/a	n/a	-0.18954706192016602	n/a	n/a	n/a
DMN_LABEL_16	-0.11569145321846008	0.007974403910338879	0.11102839559316635	-0.2920669913291931	n/a	0.22146575152873993	0.3046424388885498	n/a	n/a	-0.3102400302886963	-0.09605058282613754	-0.05831440910696983	0.2845567762851715	0.07196521759033203	0.20088176429271698	1.0	0.08923966437578201	n/a	0.24068447947502136	-0.06841965019702911	0.08890338987112045	-0.11170868575572968	0.34832191467285156	0.38093021512031555	0.030378522351384163	0.05559895932674408	-0.16519567370414734	-0.25280654430389404	n/a	-0.09141514450311661	-0.22882689535617828	n/a	-0.029911359772086143	0.0027887022588402033	n/a	-0.39868950843811035	-0.2666727900505066	-0.23398645222187042	0.3422275185585022	-0.05361834913492203	-0.3097253143787384	-0.12770310044288635	-0.09414705634117126	n/a	0.001049286569468677	n/a	0.5204324126243591	0.27927353978157043	n/a	0.18266211450099945	-0.1045316755771637	-0.3111678957939148	n/a	n/a	-0.22276759147644043	n/a	n/a	-0.279323935508728	-0.275909960269928	n/a	n/a	n/a	n/a	n/a	n/a	n/a	n/a	n/a	n/a	n/a	n/a	n/a	n/a	n/a	n/a	n/a	0.16332794725894928	n/a	n/a	n/a
CO_LABEL_17	0.5399714708328247	-0.2637011706829071	0.7621096968650818	0.2193921059370041	n/a	-0.0031227916479110718	0.04993844032287598	n/a	n/a	0.004687084816396236	0.023962916806340218	-0.4132317304611206	0.1494121551513672	0.11574556678533554	0.1633555293083191	0.08923966437578201	1.0	n/a	0.38362959027290344	-0.3406006395816803	-0.04551929980516434	-0.06953059136867523	0.556571900844574	0.07002589106559753	-0.2993186414241791	-0.386942982673645	0.2311393767595291	-0.2516711950302124	n/a	0.13984991610050201	0.514345645904541	n/a	0.42892223596572876	-0.22417773306369781	n/a	-0.3664546310901642	0.08012691885232925	-0.43055787682533264	0.4916973412036896	-0.34356486797332764	0.603380560874939	0.41228675842285156	0.26162785291671753	n/a	-0.21769462525844574	n/a	-0.013054617680609226	0.20712926983833313	n/a	-0.10412601381540298	-0.3171524107456207	-0.06289294362068176	n/a	n/a	-0.32275351881980896	n/a	n/a	-0.19825933873653412	-0.21677266061306	n/a	n/a	n/a	n/a	n/a	n/a	n/a	n/a	n/a	n/a	n/a	n/a	n/a	n/a	n/a	n/a	n/a	-0.14613336324691772	n/a	n/a	n/a
DMN_LABEL_18	n/a	n/a	n/a	n/a	n/a	n/a	n/a	n/a	n/a	n/a	n/a	n/a	n/a	n/a	n/a	n/a	n/a	1.0	n/a	n/a	n/a	n/a	n/a	n/a	n/a	n/a	n/a	n/a	n/a	n/a	n/a	n/a	n/a	n/a	n/a	n/a	n/a	n/a	n/a	n/a	n/a	n/a	n/a	n/a	n/a	n/a	n/a	n/a	n/a	n/a	n/a	n/a	n/a	n/a	n/a	n/a	n/a	n/a	n/a	n/a	n/a	n/a	n/a	n/a	n/a	n/a	n/a	n/a	n/a	n/a	n/a	n/a	n/a	n/a	n/a	n/a	n/a	n/a	n/a	n/a
VAN_LABEL_19	0.023080790415406227	0.10875911265611649	0.24589449167251587	-0.13080854713916779	n/a	0.1694692224264145	0.40905988216400146	n/a	n/a	0.20354726910591125	0.45567142963409424	-0.19057008624076843	0.5296138525009155	0.3223017752170563	0.5360301733016968	0.24068447947502136	0.38362959027290344	n/a	1.0	0.06156862527132034	0.350335031747818	0.11058899015188217	0.48392993211746216	0.13872192800045013	0.29168638586997986	-0.3063246011734009	-0.21738143265247345	-0.3214864134788513	n/a	0.03132586181163788	0.21542572975158691	n/a	0.5221923589706421	-0.09496660530567169	n/a	-0.2230302095413208	0.010504533536732197	-0.40517154335975647	0.5611836910247803	0.19134949147701263	0.03180450201034546	0.3421712815761566	0.5156346559524536	n/a	0.1221986711025238	n/a	0.09659616649150848	0.29876142740249634	n/a	-0.17786811292171478	0.12581832706928253	0.10912439227104187	n/a	n/a	-0.429228812456131	n/a	n/a	0.13062147796154022	0.12408089637756348	n/a	n/a	n/a	n/a	n/a	n/a	n/a	n/a	n/a	n/a	n/a	n/a	n/a	n/a	n/a	n/a	n/a	0.0712675154209137	n/a	n/a	n/a
CO_LABEL_20	-0.18920829892158508	0.2643498182296753	-0.18490716814994812	0.21140559017658234	n/a	0.26895585656166077	0.10244573652744293	n/a	n/a	0.08405967801809311	0.12139655649662018	0.433229923248291	0.09368376433849335	0.23544859886169434	-0.024512510746717453	-0.06841965019702911	-0.3406006395816803	n/a	0.06156862527132034	1.0	0.3461100459098816	0.5844992995262146	-0.1460454761981964	0.0014320194022729993	0.32788607478141785	-0.3367854058742523	-0.3540181815624237	-0.24851469695568085	n/a	0.1602085679769516	-0.22550994157791138	n/a	0.02248264104127884	0.142692431807518	n/a	0.17070980370044708	0.07019875198602676	0.10967181622982025	-0.1634770929813385	0.421339213848114	-0.0355028361082077	0.08078583329916	-0.25017741322517395	n/a	0.44418925046920776	n/a	0.10528837144374847	0.08823215216398239	n/a	0.15949329733848572	0.552302896976471	0.41378286480903625	n/a	n/a	-0.04189567267894745	n/a	n/a	0.4923301041126251	0.14724616706371307	n/a	n/a	n/a	n/a	n/a	n/a	n/a	n/a	n/a	n/a	n/a	n/a	n/a	n/a	n/a	n/a	n/a	0.41215234994888306	n/a	n/a	n/a
CO_LABEL_21	0.08364003896713257	-0.12729306519031525	-0.030739424750208855	0.09275798499584198	n/a	0.14543935656547546	0.04669305309653282	n/a	n/a	0.3802964687347412	0.4046863615512848	0.028480088338255882	0.3557198941707611	0.732788622379303	0.4120619297027588	0.08890338987112045	-0.04551929980516434	n/a	0.350335031747818	0.3461100459098816	1.0	0.22582098841667175	0.13230513036251068	-0.06284474581480026	0.006959615740925074	-0.2716503441333771	-0.20832061767578125	-0.07170012593269348	n/a	-0.12947577238082886	-0.21087515354156494	n/a	0.3052211105823517	0.18220217525959015	n/a	0.2519027888774872	0.22461286187171936	0.09107394516468048	0.07376652210950851	0.4301590621471405	0.09441052377223969	0.0938095897436142	-0.09254194051027298	n/a	0.054921939969062805	n/a	0.034566182643175125	0.09832759201526642	n/a	-0.3374401926994324	0.2766835689544678	0.32300180196762085	n/a	n/a	-0.02791064977645874	n/a	n/a	0.16216923296451569	-0.2761279046535492	n/a	n/a	n/a	n/a	n/a	n/a	n/a	n/a	n/a	n/a	n/a	n/a	n/a	n/a	n/a	n/a	n/a	0.1786470264196396	n/a	n/a	n/a
Sal_LABEL_22	0.1327323168516159	-0.0029165903106331825	-0.02512207441031933	0.03412794694304466	n/a	0.36352184414863586	-0.10222526639699936	n/a	n/a	0.3450264632701874	0.03635324165225029	0.3164074718952179	0.15935152769088745	0.20645050704479218	-0.12502220273017883	-0.11170868575572968	-0.06953059136867523	n/a	0.11058899015188217	0.5844992995262146	0.22582098841667175	1.0	0.09792615473270416	-0.05707342550158501	0.2665732502937317	-0.43659600615501404	-0.39553558826446533	-0.1782730370759964	n/a	-0.2623911201953888	0.13981209695339203	n/a	-0.18214929103851318	-0.04970207437872887	n/a	-0.10921218246221542	-0.10048430413007736	-0.1250607967376709	0.024066274985671043	0.5778412222862244	0.1623079925775528	0.3949529230594635	-0.16100913286209106	n/a	0.3826955258846283	n/a	-0.18083535134792328	-0.07029666751623154	n/a	-0.10109152644872665	0.1659029722213745	0.40286728739738464	n/a	n/a	-0.1820732206106186	n/a	n/a	0.5019019246101379	-0.1344563066959381	n/a	n/a	n/a	n/a	n/a	n/a	n/a	n/a	n/a	n/a	n/a	n/a	n/a	n/a	n/a	n/a	n/a	-0.11167427152395248	n/a	n/a	n/a
DAN_LABEL_23	0.5395537614822388	0.055751629173755646	0.5463080406188965	-0.1466662734746933	n/a	0.13138575851917267	0.4108474552631378	n/a	n/a	0.023417778313159943	0.02722235396504402	-0.3445969223976135	0.29179075360298157	0.025546664372086525	0.16633929312229156	0.34832191467285156	0.556571900844574	n/a	0.48392993211746216	-0.1460454761981964	0.13230513036251068	0.09792615473270416	1.0	0.4329429268836975	0.031850531697273254	-0.14502090215682983	-0.12569232285022736	-0.4278682768344879	n/a	-0.3531024754047394	0.4340343475341797	n/a	0.19000472128391266	0.06923433393239975	n/a	-0.22773940861225128	0.10026190429925919	-0.436563640832901	0.6251624822616577	-0.11894538998603821	0.3749697506427765	0.5277960896492004	0.4209739863872528	n/a	0.1067826896905899	n/a	-0.1419493854045868	0.5335049629211426	n/a	-0.4964713156223297	-0.32366493344306946	0.173601433634758	n/a	n/a	-0.500594437122345	n/a	n/a	0.19978713989257812	-0.041934702545404434	n/a	n/a	n/a	n/a	n/a	n/a	n/a	n/a	n/a	n/a	n/a	n/a	n/a	n/a	n/a	n/a	n/a	0.128242626786232	n/a	n/a	n/a
PMN_LABEL_24	0.14526130259037018	0.706419050693512	0.04382539540529251	-0.329147607088089	n/a	0.29045993089675903	0.5145938396453857	n/a	n/a	-0.37128904461860657	-0.3125309348106384	-0.21553051471710205	0.17254646122455597	-0.09065114706754684	-0.11692724376916885	0.38093021512031555	0.07002589106559753	n/a	0.13872192800045013	0.0014320194022729993	-0.06284474581480026	-0.05707342550158501	0.4329429268836975	1.0	-0.05641927570104599	0.01019810326397419	-0.13147468864917755	-0.40911978483200073	n/a	-0.3707711696624756	0.05221075564622879	n/a	0.1454348862171173	-0.14844228327274323	n/a	-0.32322433590888977	-0.27452507615089417	-0.36714980006217957	0.36675384640693665	-0.17226850986480713	0.17572695016860962	0.32392528653144836	0.34725677967071533	n/a	0.22501449286937714	n/a	-0.06072099506855011	0.7414661645889282	n/a	-0.1791027933359146	-0.17202070355415344	0.07597987353801727	n/a	n/a	-0.3842419981956482	n/a	n/a	0.19382412731647491	-0.03061760403215885	n/a	n/a	n/a	n/a	n/a	n/a	n/a	n/a	n/a	n/a	n/a	n/a	n/a	n/a	n/a	n/a	n/a	0.46202167868614197	n/a	n/a	n/a
DAN_LABEL_25	-0.3091261088848114	0.070725217461586	-0.389880895614624	-0.07041820138692856	n/a	0.25955748558044434	0.19679799675941467	n/a	n/a	0.24720031023025513	0.1805523931980133	0.2573886811733246	0.16213557124137878	-0.06242905184626579	-0.015654221177101135	0.030378522351384163	-0.2993186414241791	n/a	0.29168638586997986	0.32788607478141785	0.006959615740925074	0.2665732502937317	0.031850531697273254	-0.05641927570104599	1.0	0.18257203698158264	-0.471637099981308	-0.0162509735673666	n/a	0.23785796761512756	-0.09829245507717133	n/a	0.034960031509399414	-0.12251484394073486	n/a	0.07797593623399734	-0.02854573354125023	-0.013058326207101345	0.098851278424263	0.4409688413143158	-0.26131394505500793	-0.09082438796758652	0.2454259693622589	n/a	0.46369850635528564	n/a	-0.06067821383476257	-0.16699276864528656	n/a	0.17239722609519958	0.244407519698143	0.27499863505363464	n/a	n/a	0.015397662296891212	n/a	n/a	0.3099294900894165	0.615103006362915	n/a	n/a	n/a	n/a	n/a	n/a	n/a	n/a	n/a	n/a	n/a	n/a	n/a	n/a	n/a	n/a	n/a	0.13619756698608398	n/a	n/a	n/a
DMN_LABEL_26	-0.06989849358797073	-0.042587049305438995	-0.2876620888710022	0.01478974986821413	n/a	-0.27994224429130554	-0.16121533513069153	n/a	n/a	-0.0005803063395433128	-0.24585765600204468	0.013838044367730618	-0.3919055163860321	-0.2751820385456085	-0.3106483519077301	0.05559895932674408	-0.386942982673645	n/a	-0.3063246011734009	-0.3367854058742523	-0.2716503441333771	-0.43659600615501404	-0.14502090215682983	0.01019810326397419	0.18257203698158264	1.0	0.28003165125846863	0.3897164762020111	n/a	0.15469807386398315	-0.36939892172813416	n/a	-0.15728460252285004	-0.07867074757814407	n/a	0.22829954326152802	-0.09488148242235184	0.2826775908470154	-0.20799610018730164	-0.254209041595459	-0.43335750699043274	-0.4653230607509613	0.016995351761579514	n/a	-0.19658906757831573	n/a	-0.2209981083869934	-0.3230963349342346	n/a	0.1388305425643921	-0.42324915528297424	-0.24835409224033356	n/a	n/a	0.1493842601776123	n/a	n/a	-0.20780333876609802	0.448953241109848	n/a	n/a	n/a	n/a	n/a	n/a	n/a	n/a	n/a	n/a	n/a	n/a	n/a	n/a	n/a	n/a	n/a	0.07067930698394775	n/a	n/a	n/a
DMN_LABEL_27	0.3478420376777649	-0.08574134111404419	0.45269355177879333	0.4787486791610718	n/a	-0.5542532801628113	-0.45632484555244446	n/a	n/a	-0.33816030621528625	-0.31722456216812134	-0.22135812044143677	-0.4550636112689972	-0.059761565178632736	-0.24810613691806793	-0.16519567370414734	0.2311393767595291	n/a	-0.21738143265247345	-0.3540181815624237	-0.20832061767578125	-0.39553558826446533	-0.12569232285022736	-0.13147468864917755	-0.471637099981308	0.28003165125846863	1.0	0.12355657666921616	n/a	0.30685484409332275	0.018269721418619156	n/a	0.1756167709827423	-0.09126344323158264	n/a	-0.09120049327611923	-0.127204030752182	-0.05812166631221771	-0.1853323131799698	-0.6016294360160828	0.2619534730911255	-0.21518902480602264	-0.0985853374004364	n/a	-0.60150545835495	n/a	-0.13540098071098328	-0.03995146229863167	n/a	0.09600585699081421	-0.24428974092006683	-0.24366320669651031	n/a	n/a	-0.17646557092666626	n/a	n/a	-0.22491125762462616	0.0017812285805121064	n/a	n/a	n/a	n/a	n/a	n/a	n/a	n/a	n/a	n/a	n/a	n/a	n/a	n/a	n/a	n/a	n/a	0.09864191710948944	n/a	n/a	n/a
DMN_LABEL_28	-0.020485322922468185	-0.3265232741832733	-0.3131152391433716	0.2608659565448761	n/a	-0.1140352189540863	-0.4068783223628998	n/a	n/a	0.2721403241157532	0.15695428848266602	0.06123409792780876	-0.26400792598724365	0.029208742082118988	-0.055375441908836365	-0.25280654430389404	-0.2516711950302124	n/a	-0.3214864134788513	-0.24851469695568085	-0.07170012593269348	-0.1782730370759964	-0.4278682768344879	-0.40911978483200073	-0.0162509735673666	0.3897164762020111	0.12355657666921616	1.0	n/a	-0.014071440324187279	-0.3078952133655548	n/a	-0.11376386135816574	-0.07830797880887985	n/a	0.3604849874973297	0.1202404573559761	0.2690388560295105	-0.4711957573890686	-0.05894093960523605	-0.315114289522171	-0.4580870568752289	-0.146936297416687	n/a	-0.42456936836242676	n/a	-0.10812690854072571	-0.5666919946670532	n/a	0.2206827700138092	-0.15390832722187042	-0.07701823115348816	n/a	n/a	0.7482799291610718	n/a	n/a	-0.366227924823761	0.002256086328998208	n/a	n/a	n/a	n/a	n/a	n/a	n/a	n/a	n/a	n/a	n/a	n/a	n/a	n/a	n/a	n/a	n/a	-0.388031929731369	n/a	n/a	n/a
Vis_LABEL_29	n/a	n/a	n/a	n/a	n/a	n/a	n/a	n/a	n/a	n/a	n/a	n/a	n/a	n/a	n/a	n/a	n/a	n/a	n/a	n/a	n/a	n/a	n/a	n/a	n/a	n/a	n/a	n/a	1.0	n/a	n/a	n/a	n/a	n/a	n/a	n/a	n/a	n/a	n/a	n/a	n/a	n/a	n/a	n/a	n/a	n/a	n/a	n/a	n/a	n/a	n/a	n/a	n/a	n/a	n/a	n/a	n/a	n/a	n/a	n/a	n/a	n/a	n/a	n/a	n/a	n/a	n/a	n/a	n/a	n/a	n/a	n/a	n/a	n/a	n/a	n/a	n/a	n/a	n/a	n/a
FP_LABEL_30	-0.2616329491138458	-0.26621294021606445	0.0631696879863739	0.4551401734352112	n/a	-0.18631327152252197	-0.1958523392677307	n/a	n/a	-0.06248630955815315	0.0511239618062973	0.15753409266471863	-0.1498304009437561	0.025617821142077446	-0.06160573288798332	-0.09141514450311661	0.13984991610050201	n/a	0.03132586181163788	0.1602085679769516	-0.12947577238082886	-0.2623911201953888	-0.3531024754047394	-0.3707711696624756	0.23785796761512756	0.15469807386398315	0.30685484409332275	-0.014071440324187279	n/a	1.0	-0.15154807269573212	n/a	0.3223287761211395	-0.2770414352416992	n/a	0.009416419081389904	0.004105865024030209	0.19821710884571075	-0.09320968389511108	-0.13444529473781586	-0.08884364366531372	-0.33916783332824707	-0.13998588919639587	n/a	-0.06639888882637024	n/a	0.20467863976955414	-0.31110766530036926	n/a	0.5489258766174316	0.15062591433525085	-0.22007513046264648	n/a	n/a	0.009471104480326176	n/a	n/a	-0.16632196307182312	0.43700581789016724	n/a	n/a	n/a	n/a	n/a	n/a	n/a	n/a	n/a	n/a	n/a	n/a	n/a	n/a	n/a	n/a	n/a	0.19966475665569305	n/a	n/a	n/a
Aud_LABEL_31	0.21311451494693756	-0.00020462082466110587	0.3944273591041565	-0.10000923275947571	n/a	-0.16185396909713745	0.20024774968624115	n/a	n/a	-0.07364596426486969	0.011284559965133667	-0.138313427567482	0.19233906269073486	-0.31658145785331726	0.055818572640419006	-0.22882689535617828	0.514345645904541	n/a	0.21542572975158691	-0.22550994157791138	-0.21087515354156494	0.13981209695339203	0.4340343475341797	0.05221075564622879	-0.09829245507717133	-0.36939892172813416	0.018269721418619156	-0.3078952133655548	n/a	-0.15154807269573212	1.0	n/a	0.006946148816496134	0.2864528298377991	n/a	-0.05012437328696251	0.183222696185112	-0.23433846235275269	0.537228524684906	-0.08460221439599991	0.49464768171310425	0.68691486120224	0.2903231382369995	n/a	0.30378636717796326	n/a	-0.16079115867614746	0.2955440580844879	n/a	-0.376838356256485	-0.07851485908031464	0.17678986489772797	n/a	n/a	-0.2565934658050537	n/a	n/a	0.35913899540901184	0.061129361391067505	n/a	n/a	n/a	n/a	n/a	n/a	n/a	n/a	n/a	n/a	n/a	n/a	n/a	n/a	n/a	n/a	n/a	-0.24125735461711884	n/a	n/a	n/a
Tpole_LABEL_32	n/a	n/a	n/a	n/a	n/a	n/a	n/a	n/a	n/a	n/a	n/a	n/a	n/a	n/a	n/a	n/a	n/a	n/a	n/a	n/a	n/a	n/a	n/a	n/a	n/a	n/a	n/a	n/a	n/a	n/a	n/a	1.0	n/a	n/a	n/a	n/a	n/a	n/a	n/a	n/a	n/a	n/a	n/a	n/a	n/a	n/a	n/a	n/a	n/a	n/a	n/a	n/a	n/a	n/a	n/a	n/a	n/a	n/a	n/a	n/a	n/a	n/a	n/a	n/a	n/a	n/a	n/a	n/a	n/a	n/a	n/a	n/a	n/a	n/a	n/a	n/a	n/a	n/a	n/a	n/a
PMN_LABEL_33	0.13288432359695435	0.15592658519744873	0.22676976025104523	0.1313638687133789	n/a	0.014519847929477692	0.27731457352638245	n/a	n/a	0.1966705024242401	0.4407116174697876	-0.06704308092594147	0.30542081594467163	0.5222519636154175	0.32585111260414124	-0.029911359772086143	0.42892223596572876	n/a	0.5221923589706421	0.02248264104127884	0.3052211105823517	-0.18214929103851318	0.19000472128391266	0.1454348862171173	0.034960031509399414	-0.15728460252285004	0.1756167709827423	-0.11376386135816574	n/a	0.3223287761211395	0.006946148816496134	n/a	1.0	-0.27581271529197693	n/a	0.03783212974667549	0.3386462330818176	-0.04131457209587097	0.30854660272598267	-0.13456405699253082	0.34029823541641235	0.2032834142446518	0.4049111306667328	n/a	-0.286419153213501	n/a	-0.11379450559616089	0.3241497576236725	n/a	-0.1693379431962967	0.11611234396696091	-0.0300437118858099	n/a	n/a	-0.29634353518486023	n/a	n/a	-0.22396931052207947	0.09392241388559341	n/a	n/a	n/a	n/a	n/a	n/a	n/a	n/a	n/a	n/a	n/a	n/a	n/a	n/a	n/a	n/a	n/a	0.18401679396629333	n/a	n/a	n/a
PON_LABEL_34	-0.11730019748210907	0.04741545766592026	-0.07822879403829575	-0.11854346841573715	n/a	-0.3329100012779236	0.22592304646968842	n/a	n/a	-0.0576128326356411	0.11965741962194443	0.15504272282123566	0.06556391716003418	-0.13557712733745575	0.24279062449932098	0.0027887022588402033	-0.22417773306369781	n/a	-0.09496660530567169	0.142692431807518	0.18220217525959015	-0.04970207437872887	0.06923433393239975	-0.14844228327274323	-0.12251484394073486	-0.07867074757814407	-0.09126344323158264	-0.07830797880887985	n/a	-0.2770414352416992	0.2864528298377991	n/a	-0.27581271529197693	1.0	n/a	0.48155853152275085	0.3974737226963043	0.22233419120311737	0.04090634733438492	0.016753805801272392	-0.029587285593152046	0.12301550805568695	-0.06938330084085464	n/a	0.21523888409137726	n/a	0.115510955452919	0.17333126068115234	n/a	-0.2761562764644623	0.3445681631565094	0.2696579694747925	n/a	n/a	0.20130158960819244	n/a	n/a	0.20066066086292267	-0.10339096188545227	n/a	n/a	n/a	n/a	n/a	n/a	n/a	n/a	n/a	n/a	n/a	n/a	n/a	n/a	n/a	n/a	n/a	-0.1114630401134491	n/a	n/a	n/a
MTL_LABEL_35	n/a	n/a	n/a	n/a	n/a	n/a	n/a	n/a	n/a	n/a	n/a	n/a	n/a	n/a	n/a	n/a	n/a	n/a	n/a	n/a	n/a	n/a	n/a	n/a	n/a	n/a	n/a	n/a	n/a	n/a	n/a	n/a	n/a	n/a	1.0	n/a	n/a	n/a	n/a	n/a	n/a	n/a	n/a	n/a	n/a	n/a	n/a	n/a	n/a	n/a	n/a	n/a	n/a	n/a	n/a	n/a	n/a	n/a	n/a	n/a	n/a	n/a	n/a	n/a	n/a	n/a	n/a	n/a	n/a	n/a	n/a	n/a	n/a	n/a	n/a	n/a	n/a	n/a	n/a	n/a
CO_LABEL_36	-0.1894550323486328	-0.1413922905921936	-0.4120418429374695	0.15191508829593658	n/a	-0.26585230231285095	-0.09253852069377899	n/a	n/a	0.3955865800380707	0.3013382852077484	0.31397566199302673	-0.061072155833244324	0.06338710337877274	0.04311416670680046	-0.39868950843811035	-0.3664546310901642	n/a	-0.2230302095413208	0.17070980370044708	0.2519027888774872	-0.10921218246221542	-0.22773940861225128	-0.32322433590888977	0.07797593623399734	0.22829954326152802	-0.09120049327611923	0.3604849874973297	n/a	0.009416419081389904	-0.05012437328696251	n/a	0.03783212974667549	0.48155853152275085	n/a	1.0	0.6484184265136719	0.7313946485519409	-0.25655579566955566	0.04548417776823044	-0.14090658724308014	-0.07787899672985077	-0.10152214765548706	n/a	0.07133015245199203	n/a	-0.23748750984668732	-0.22633053362369537	n/a	-0.2371332198381424	0.12456735968589783	0.21737268567085266	n/a	n/a	0.51202392578125	n/a	n/a	0.06944014132022858	0.1911841630935669	n/a	n/a	n/a	n/a	n/a	n/a	n/a	n/a	n/a	n/a	n/a	n/a	n/a	n/a	n/a	n/a	n/a	-0.016472693532705307	n/a	n/a	n/a
Sal_LABEL_37	-0.024204155430197716	-0.11074367165565491	-0.06542309373617172	0.05424623191356659	n/a	-0.11855367571115494	0.11457951366901398	n/a	n/a	0.4335502088069916	0.5365394353866577	0.15189425647258759	0.17192117869853973	0.1437961608171463	0.25601688027381897	-0.2666727900505066	0.08012691885232925	n/a	0.010504533536732197	0.07019875198602676	0.22461286187171936	-0.10048430413007736	0.10026190429925919	-0.27452507615089417	-0.02854573354125023	-0.09488148242235184	-0.127204030752182	0.1202404573559761	n/a	0.004105865024030209	0.183222696185112	n/a	0.3386462330818176	0.3974737226963043	n/a	0.6484184265136719	1.0	0.48672881722450256	0.013491634279489517	0.0005392390885390341	0.1679469496011734	0.23072108626365662	0.02747088298201561	n/a	-0.0023160618729889393	n/a	-0.19451600313186646	0.0838266909122467	n/a	-0.3982451260089874	0.18772529065608978	0.14738108217716217	n/a	n/a	0.2319304645061493	n/a	n/a	-0.03711279481649399	0.0707874670624733	n/a	n/a	n/a	n/a	n/a	n/a	n/a	n/a	n/a	n/a	n/a	n/a	n/a	n/a	n/a	n/a	n/a	-0.11364692449569702	n/a	n/a	n/a
CO_LABEL_38	-0.46894925832748413	-0.22976092994213104	-0.49907365441322327	-0.11213397234678268	n/a	-0.1955764889717102	-0.15752726793289185	n/a	n/a	0.3305564820766449	0.3004048764705658	0.5918267965316772	0.08371937274932861	0.07480690628290176	0.011382834985852242	-0.23398645222187042	-0.43055787682533264	n/a	-0.40517154335975647	0.10967181622982025	0.09107394516468048	-0.1250607967376709	-0.436563640832901	-0.36714980006217957	-0.013058326207101345	0.2826775908470154	-0.05812166631221771	0.2690388560295105	n/a	0.19821710884571075	-0.23433846235275269	n/a	-0.04131457209587097	0.22233419120311737	n/a	0.7313946485519409	0.48672881722450256	1.0	-0.2500298023223877	0.09441691637039185	-0.30106014013290405	-0.18614858388900757	-0.28146108984947205	n/a	0.023580314591526985	n/a	-0.1253732442855835	-0.25780925154685974	n/a	-0.13637663424015045	0.06052001565694809	-0.22344137728214264	n/a	n/a	0.37590327858924866	n/a	n/a	-0.20014594495296478	0.0492699071764946	n/a	n/a	n/a	n/a	n/a	n/a	n/a	n/a	n/a	n/a	n/a	n/a	n/a	n/a	n/a	n/a	n/a	-0.17480473220348358	n/a	n/a	n/a
SMd_LABEL_39	-0.010594997555017471	0.10188017785549164	0.38440436124801636	-0.47540706396102905	n/a	0.1892366260290146	0.48360005021095276	n/a	n/a	0.012858175672590733	0.30409368872642517	-0.020589394494891167	0.7480456829071045	0.15476928651332855	0.5143142342567444	0.3422275185585022	0.4916973412036896	n/a	0.5611836910247803	-0.1634770929813385	0.07376652210950851	0.024066274985671043	0.6251624822616577	0.36675384640693665	0.098851278424263	-0.20799610018730164	-0.1853323131799698	-0.4711957573890686	n/a	-0.09320968389511108	0.537228524684906	n/a	0.30854660272598267	0.04090634733438492	n/a	-0.25655579566955566	0.013491634279489517	-0.2500298023223877	1.0	0.018395794555544853	0.2862696051597595	0.642396092414856	0.3306446969509125	n/a	0.31477808952331543	n/a	0.10329876095056534	0.4906623661518097	n/a	-0.3168225884437561	-0.08854670077562332	-0.14532269537448883	n/a	n/a	-0.49990755319595337	n/a	n/a	0.12772150337696075	-0.02232549712061882	n/a	n/a	n/a	n/a	n/a	n/a	n/a	n/a	n/a	n/a	n/a	n/a	n/a	n/a	n/a	n/a	n/a	0.008733220398426056	n/a	n/a	n/a
SMl_LABEL_40	-0.25665637850761414	-0.147863507270813	-0.43471407890319824	-0.19668126106262207	n/a	0.400971382856369	-0.03852992504835129	n/a	n/a	0.5281557440757751	0.3021543622016907	0.4297795295715332	0.3044665455818176	0.37851572036743164	0.029129095375537872	-0.05361834913492203	-0.34356486797332764	n/a	0.19134949147701263	0.421339213848114	0.4301590621471405	0.5778412222862244	-0.11894538998603821	-0.17226850986480713	0.4409688413143158	-0.254209041595459	-0.6016294360160828	-0.05894093960523605	n/a	-0.13444529473781586	-0.08460221439599991	n/a	-0.13456405699253082	0.016753805801272392	n/a	0.04548417776823044	0.0005392390885390341	0.09441691637039185	0.018395794555544853	1.0	-0.1916831135749817	0.19429798424243927	-0.1512906551361084	n/a	0.4834734797477722	n/a	-0.11393476277589798	-0.18855790793895721	n/a	-0.19640235602855682	0.3799857795238495	0.15961779654026031	n/a	n/a	-0.08226889371871948	n/a	n/a	0.34540805220603943	0.025999080389738083	n/a	n/a	n/a	n/a	n/a	n/a	n/a	n/a	n/a	n/a	n/a	n/a	n/a	n/a	n/a	n/a	n/a	-0.09578485041856766	n/a	n/a	n/a
DAN_LABEL_41	0.6652653217315674	0.033132974058389664	0.5412445664405823	0.23618386685848236	n/a	0.13678008317947388	-0.09436074644327164	n/a	n/a	0.0669533759355545	-0.1607678383588791	-0.14444151520729065	0.05094536393880844	0.21173672378063202	-0.05964626744389534	-0.3097253143787384	0.603380560874939	n/a	0.03180450201034546	-0.0355028361082077	0.09441052377223969	0.1623079925775528	0.3749697506427765	0.17572695016860962	-0.26131394505500793	-0.43335750699043274	0.2619534730911255	-0.315114289522171	n/a	-0.08884364366531372	0.49464768171310425	n/a	0.34029823541641235	-0.029587285593152046	n/a	-0.14090658724308014	0.1679469496011734	-0.30106014013290405	0.2862696051597595	-0.1916831135749817	1.0	0.6191601753234863	0.17466439306735992	n/a	-0.015083670616149902	n/a	-0.4503219723701477	0.330182820558548	n/a	-0.37132152915000916	-0.10588353872299194	0.3524067997932434	n/a	n/a	-0.3179883360862732	n/a	n/a	0.1348131150007248	-0.2304082214832306	n/a	n/a	n/a	n/a	n/a	n/a	n/a	n/a	n/a	n/a	n/a	n/a	n/a	n/a	n/a	n/a	n/a	0.04275577515363693	n/a	n/a	n/a
CO_LABEL_42	0.2816515862941742	0.18832707405090332	0.33348897099494934	-0.25049564242362976	n/a	0.30840757489204407	0.2537079155445099	n/a	n/a	0.25768500566482544	0.1477874219417572	0.08291599154472351	0.4683501124382019	0.12429668754339218	0.1642814427614212	-0.12770310044288635	0.41228675842285156	n/a	0.3421712815761566	0.08078583329916	0.0938095897436142	0.3949529230594635	0.5277960896492004	0.32392528653144836	-0.09082438796758652	-0.4653230607509613	-0.21518902480602264	-0.4580870568752289	n/a	-0.33916783332824707	0.68691486120224	n/a	0.2032834142446518	0.12301550805568695	n/a	-0.07787899672985077	0.23072108626365662	-0.18614858388900757	0.642396092414856	0.19429798424243927	0.6191601753234863	1.0	0.25301599502563477	n/a	0.4219984710216522	n/a	-0.3803694248199463	0.4810813367366791	n/a	-0.6049277186393738	-0.08148294687271118	0.25659480690956116	n/a	n/a	-0.4789981245994568	n/a	n/a	0.39427775144577026	-0.14947791397571564	n/a	n/a	n/a	n/a	n/a	n/a	n/a	n/a	n/a	n/a	n/a	n/a	n/a	n/a	n/a	n/a	n/a	-0.07837775349617004	n/a	n/a	n/a
VAN_LABEL_43	0.12309028953313828	0.36098068952560425	0.0890156701207161	-0.2749043107032776	n/a	-0.10097354650497437	0.5798929929733276	n/a	n/a	0.03549640253186226	0.16996246576309204	-0.36743074655532837	0.2105678915977478	-0.11180313676595688	0.22636505961418152	-0.09414705634117126	0.26162785291671753	n/a	0.5156346559524536	-0.25017741322517395	-0.09254194051027298	-0.16100913286209106	0.4209739863872528	0.34725677967071533	0.2454259693622589	0.016995351761579514	-0.0985853374004364	-0.146936297416687	n/a	-0.13998588919639587	0.2903231382369995	n/a	0.4049111306667328	-0.06938330084085464	n/a	-0.10152214765548706	0.02747088298201561	-0.28146108984947205	0.3306446969509125	-0.1512906551361084	0.17466439306735992	0.25301599502563477	1.0	n/a	-0.06319721043109894	n/a	-0.2256719321012497	0.4165268540382385	n/a	-0.3397373557090759	-0.05121057480573654	0.15527699887752533	n/a	n/a	-0.20902995765209198	n/a	n/a	0.02562561258673668	0.2973463833332062	n/a	n/a	n/a	n/a	n/a	n/a	n/a	n/a	n/a	n/a	n/a	n/a	n/a	n/a	n/a	n/a	n/a	-0.14304335415363312	n/a	n/a	n/a
CO_LABEL_44	n/a	n/a	n/a	n/a	n/a	n/a	n/a	n/a	n/a	n/a	n/a	n/a	n/a	n/a	n/a	n/a	n/a	n/a	n/a	n/a	n/a	n/a	n/a	n/a	n/a	n/a	n/a	n/a	n/a	n/a	n/a	n/a	n/a	n/a	n/a	n/a	n/a	n/a	n/a	n/a	n/a	n/a	n/a	1.0	n/a	n/a	n/a	n/a	n/a	n/a	n/a	n/a	n/a	n/a	n/a	n/a	n/a	n/a	n/a	n/a	n/a	n/a	n/a	n/a	n/a	n/a	n/a	n/a	n/a	n/a	n/a	n/a	n/a	n/a	n/a	n/a	n/a	n/a	n/a	n/a
CO_LABEL_45	-0.30231061577796936	0.2121681123971939	-0.21664682030677795	-0.27179956436157227	n/a	0.3424703776836395	0.21526727080345154	n/a	n/a	0.07487066090106964	-0.023549603298306465	0.30594998598098755	0.3215777575969696	-0.19690920412540436	-0.020961135625839233	0.001049286569468677	-0.21769462525844574	n/a	0.1221986711025238	0.44418925046920776	0.054921939969062805	0.3826955258846283	0.1067826896905899	0.22501449286937714	0.46369850635528564	-0.19658906757831573	-0.60150545835495	-0.42456936836242676	n/a	-0.06639888882637024	0.30378636717796326	n/a	-0.286419153213501	0.21523888409137726	n/a	0.07133015245199203	-0.0023160618729889393	0.023580314591526985	0.31477808952331543	0.4834734797477722	-0.015083670616149902	0.4219984710216522	-0.06319721043109894	n/a	1.0	n/a	-0.021301833912730217	0.15728193521499634	n/a	-0.07178468257188797	0.18971501290798187	0.2968955636024475	n/a	n/a	-0.12181328237056732	n/a	n/a	0.6621950268745422	0.3191780149936676	n/a	n/a	n/a	n/a	n/a	n/a	n/a	n/a	n/a	n/a	n/a	n/a	n/a	n/a	n/a	n/a	n/a	0.256135493516922	n/a	n/a	n/a
Sal_LABEL_46	n/a	n/a	n/a	n/a	n/a	n/a	n/a	n/a	n/a	n/a	n/a	n/a	n/a	n/a	n/a	n/a	n/a	n/a	n/a	n/a	n/a	n/a	n/a	n/a	n/a	n/a	n/a	n/a	n/a	n/a	n/a	n/a	n/a	n/a	n/a	n/a	n/a	n/a	n/a	n/a	n/a	n/a	n/a	n/a	n/a	1.0	n/a	n/a	n/a	n/a	n/a	n/a	n/a	n/a	n/a	n/a	n/a	n/a	n/a	n/a	n/a	n/a	n/a	n/a	n/a	n/a	n/a	n/a	n/a	n/a	n/a	n/a	n/a	n/a	n/a	n/a	n/a	n/a	n/a	n/a
DAN_LABEL_47	-0.5099458694458008	0.0049444809556007385	0.10018958896398544	-0.12190930545330048	n/a	-0.12456708401441574	0.2962924838066101	n/a	n/a	-0.5069056749343872	0.16099442541599274	-0.18029320240020752	0.23341038823127747	-0.05964396148920059	0.4553695023059845	0.5204324126243591	-0.013054617680609226	n/a	0.09659616649150848	0.10528837144374847	0.034566182643175125	-0.18083535134792328	-0.1419493854045868	-0.06072099506855011	-0.06067821383476257	-0.2209981083869934	-0.13540098071098328	-0.10812690854072571	n/a	0.20467863976955414	-0.16079115867614746	n/a	-0.11379450559616089	0.115510955452919	n/a	-0.23748750984668732	-0.19451600313186646	-0.1253732442855835	0.10329876095056534	-0.11393476277589798	-0.4503219723701477	-0.3803694248199463	-0.2256719321012497	n/a	-0.021301833912730217	n/a	1.0	0.06409436464309692	n/a	0.5217565298080444	0.40078842639923096	-0.3232446312904358	n/a	n/a	0.18335585296154022	n/a	n/a	-0.11796155571937561	-0.14788219332695007	n/a	n/a	n/a	n/a	n/a	n/a	n/a	n/a	n/a	n/a	n/a	n/a	n/a	n/a	n/a	n/a	n/a	0.06998703628778458	n/a	n/a	n/a
PMN_LABEL_48	0.08567219972610474	0.6708454489707947	0.2696545124053955	-0.36736249923706055	n/a	0.11400993913412094	0.6840353608131409	n/a	n/a	-0.3869624137878418	0.059951428323984146	-0.17369334399700165	0.41299864649772644	0.012613633647561073	0.24852915108203888	0.27927353978157043	0.20712926983833313	n/a	0.29876142740249634	0.08823215216398239	0.09832759201526642	-0.07029666751623154	0.5335049629211426	0.7414661645889282	-0.16699276864528656	-0.3230963349342346	-0.03995146229863167	-0.5666919946670532	n/a	-0.31110766530036926	0.2955440580844879	n/a	0.3241497576236725	0.17333126068115234	n/a	-0.22633053362369537	0.0838266909122467	-0.25780925154685974	0.4906623661518097	-0.18855790793895721	0.330182820558548	0.4810813367366791	0.4165268540382385	n/a	0.15728193521499634	n/a	0.06409436464309692	1.0	n/a	-0.41826745867729187	0.1560635268688202	0.10049208998680115	n/a	n/a	-0.4774506688117981	n/a	n/a	0.25451093912124634	-0.11899159848690033	n/a	n/a	n/a	n/a	n/a	n/a	n/a	n/a	n/a	n/a	n/a	n/a	n/a	n/a	n/a	n/a	n/a	0.34099918603897095	n/a	n/a	n/a
DAN_LABEL_49	n/a	n/a	n/a	n/a	n/a	n/a	n/a	n/a	n/a	n/a	n/a	n/a	n/a	n/a	n/a	n/a	n/a	n/a	n/a	n/a	n/a	n/a	n/a	n/a	n/a	n/a	n/a	n/a	n/a	n/a	n/a	n/a	n/a	n/a	n/a	n/a	n/a	n/a	n/a	n/a	n/a	n/a	n/a	n/a	n/a	n/a	n/a	n/a	1.0	n/a	n/a	n/a	n/a	n/a	n/a	n/a	n/a	n/a	n/a	n/a	n/a	n/a	n/a	n/a	n/a	n/a	n/a	n/a	n/a	n/a	n/a	n/a	n/a	n/a	n/a	n/a	n/a	n/a	n/a	n/a
DMN_LABEL_50	-0.2831534147262573	-0.035529524087905884	-0.12626251578330994	0.34114277362823486	n/a	0.04972406476736069	-0.22093705832958221	n/a	n/a	-0.3481961786746979	-0.2708016633987427	0.04398046433925629	-0.3321020007133484	-0.24766671657562256	-0.160938560962677	0.18266211450099945	-0.10412601381540298	n/a	-0.17786811292171478	0.15949329733848572	-0.3374401926994324	-0.10109152644872665	-0.4964713156223297	-0.1791027933359146	0.17239722609519958	0.1388305425643921	0.09600585699081421	0.2206827700138092	n/a	0.5489258766174316	-0.376838356256485	n/a	-0.1693379431962967	-0.2761562764644623	n/a	-0.2371332198381424	-0.3982451260089874	-0.13637663424015045	-0.3168225884437561	-0.19640235602855682	-0.37132152915000916	-0.6049277186393738	-0.3397373557090759	n/a	-0.07178468257188797	n/a	0.5217565298080444	-0.41826745867729187	n/a	1.0	0.08523333072662354	-0.11268360912799835	n/a	n/a	0.33852601051330566	n/a	n/a	-0.19258932769298553	0.1519375890493393	n/a	n/a	n/a	n/a	n/a	n/a	n/a	n/a	n/a	n/a	n/a	n/a	n/a	n/a	n/a	n/a	n/a	0.12408608943223953	n/a	n/a	n/a
FP_LABEL_51	-0.4794332981109619	0.24060684442520142	-0.2264210730791092	-0.061154939234256744	n/a	-0.06908319145441055	0.27791813015937805	n/a	n/a	-0.07054383307695389	0.4088047444820404	0.2235693335533142	0.2735576629638672	0.25202232599258423	0.3384484052658081	-0.1045316755771637	-0.3171524107456207	n/a	0.12581832706928253	0.552302896976471	0.2766835689544678	0.1659029722213745	-0.32366493344306946	-0.17202070355415344	0.244407519698143	-0.42324915528297424	-0.24428974092006683	-0.15390832722187042	n/a	0.15062591433525085	-0.07851485908031464	n/a	0.11611234396696091	0.3445681631565094	n/a	0.12456735968589783	0.18772529065608978	0.06052001565694809	-0.08854670077562332	0.3799857795238495	-0.10588353872299194	-0.08148294687271118	-0.05121057480573654	n/a	0.18971501290798187	n/a	0.40078842639923096	0.1560635268688202	n/a	0.08523333072662354	1.0	0.14529211819171906	n/a	n/a	0.10346520692110062	n/a	n/a	0.25179338455200195	0.09179145842790604	n/a	n/a	n/a	n/a	n/a	n/a	n/a	n/a	n/a	n/a	n/a	n/a	n/a	n/a	n/a	n/a	n/a	0.12476972490549088	n/a	n/a	n/a
DMN_LABEL_52	0.31041258573532104	0.2575277090072632	-0.11736109852790833	0.2807482182979584	n/a	0.2781182527542114	0.08720081299543381	n/a	n/a	0.13449977338314056	-0.13694332540035248	-0.031897060573101044	-0.15930329263210297	-0.05833114683628082	-0.11188977211713791	-0.3111678957939148	-0.06289294362068176	n/a	0.10912439227104187	0.41378286480903625	0.32300180196762085	0.40286728739738464	0.173601433634758	0.07597987353801727	0.27499863505363464	-0.24835409224033356	-0.24366320669651031	-0.07701823115348816	n/a	-0.22007513046264648	0.17678986489772797	n/a	-0.0300437118858099	0.2696579694747925	n/a	0.21737268567085266	0.14738108217716217	-0.22344137728214264	-0.14532269537448883	0.15961779654026031	0.3524067997932434	0.25659480690956116	0.15527699887752533	n/a	0.2968955636024475	n/a	-0.3232446312904358	0.10049208998680115	n/a	-0.11268360912799835	0.14529211819171906	1.0	n/a	n/a	0.14089421927928925	n/a	n/a	0.5190913081169128	0.021416161209344864	n/a	n/a	n/a	n/a	n/a	n/a	n/a	n/a	n/a	n/a	n/a	n/a	n/a	n/a	n/a	n/a	n/a	0.16730451583862305	n/a	n/a	n/a
DMN_LABEL_53	n/a	n/a	n/a	n/a	n/a	n/a	n/a	n/a	n/a	n/a	n/a	n/a	n/a	n/a	n/a	n/a	n/a	n/a	n/a	n/a	n/a	n/a	n/a	n/a	n/a	n/a	n/a	n/a	n/a	n/a	n/a	n/a	n/a	n/a	n/a	n/a	n/a	n/a	n/a	n/a	n/a	n/a	n/a	n/a	n/a	n/a	n/a	n/a	n/a	n/a	n/a	n/a	1.0	n/a	n/a	n/a	n/a	n/a	n/a	n/a	n/a	n/a	n/a	n/a	n/a	n/a	n/a	n/a	n/a	n/a	n/a	n/a	n/a	n/a	n/a	n/a	n/a	n/a	n/a	n/a
PON_LABEL_54	n/a	n/a	n/a	n/a	n/a	n/a	n/a	n/a	n/a	n/a	n/a	n/a	n/a	n/a	n/a	n/a	n/a	n/a	n/a	n/a	n/a	n/a	n/a	n/a	n/a	n/a	n/a	n/a	n/a	n/a	n/a	n/a	n/a	n/a	n/a	n/a	n/a	n/a	n/a	n/a	n/a	n/a	n/a	n/a	n/a	n/a	n/a	n/a	n/a	n/a	n/a	n/a	n/a	1.0	n/a	n/a	n/a	n/a	n/a	n/a	n/a	n/a	n/a	n/a	n/a	n/a	n/a	n/a	n/a	n/a	n/a	n/a	n/a	n/a	n/a	n/a	n/a	n/a	n/a	n/a
DMN_LABEL_55	-0.2726536691188812	-0.24954429268836975	-0.44138655066490173	0.17402976751327515	n/a	-0.06309807300567627	-0.19914910197257996	n/a	n/a	0.08896195888519287	0.09288600832223892	0.05662786588072777	-0.18449179828166962	-0.1513589471578598	0.06559198349714279	-0.22276759147644043	-0.32275351881980896	n/a	-0.429228812456131	-0.04189567267894745	-0.02791064977645874	-0.1820732206106186	-0.500594437122345	-0.3842419981956482	0.015397662296891212	0.1493842601776123	-0.17646557092666626	0.7482799291610718	n/a	0.009471104480326176	-0.2565934658050537	n/a	-0.29634353518486023	0.20130158960819244	n/a	0.51202392578125	0.2319304645061493	0.37590327858924866	-0.49990755319595337	-0.08226889371871948	-0.3179883360862732	-0.4789981245994568	-0.20902995765209198	n/a	-0.12181328237056732	n/a	0.18335585296154022	-0.4774506688117981	n/a	0.33852601051330566	0.10346520692110062	0.14089421927928925	n/a	n/a	1.0	n/a	n/a	-0.222080796957016	-0.07115459442138672	n/a	n/a	n/a	n/a	n/a	n/a	n/a	n/a	n/a	n/a	n/a	n/a	n/a	n/a	n/a	n/a	n/a	-0.3119627833366394	n/a	n/a	n/a
Tpole_LABEL_56	n/a	n/a	n/a	n/a	n/a	n/a	n/a	n/a	n/a	n/a	n/a	n/a	n/a	n/a	n/a	n/a	n/a	n/a	n/a	n/a	n/a	n/a	n/a	n/a	n/a	n/a	n/a	n/a	n/a	n/a	n/a	n/a	n/a	n/a	n/a	n/a	n/a	n/a	n/a	n/a	n/a	n/a	n/a	n/a	n/a	n/a	n/a	n/a	n/a	n/a	n/a	n/a	n/a	n/a	n/a	1.0	n/a	n/a	n/a	n/a	n/a	n/a	n/a	n/a	n/a	n/a	n/a	n/a	n/a	n/a	n/a	n/a	n/a	n/a	n/a	n/a	n/a	n/a	n/a	n/a
Tpole_LABEL_57	n/a	n/a	n/a	n/a	n/a	n/a	n/a	n/a	n/a	n/a	n/a	n/a	n/a	n/a	n/a	n/a	n/a	n/a	n/a	n/a	n/a	n/a	n/a	n/a	n/a	n/a	n/a	n/a	n/a	n/a	n/a	n/a	n/a	n/a	n/a	n/a	n/a	n/a	n/a	n/a	n/a	n/a	n/a	n/a	n/a	n/a	n/a	n/a	n/a	n/a	n/a	n/a	n/a	n/a	n/a	n/a	1.0	n/a	n/a	n/a	n/a	n/a	n/a	n/a	n/a	n/a	n/a	n/a	n/a	n/a	n/a	n/a	n/a	n/a	n/a	n/a	n/a	n/a	n/a	n/a
Sal_LABEL_58	0.0005862733232788742	0.35953453183174133	0.004612680524587631	0.06931262463331223	n/a	0.06264366209506989	0.1342022567987442	n/a	n/a	-0.04119371622800827	-0.04445204138755798	-0.019823212176561356	0.048473503440618515	-0.17332755029201508	-0.11315738409757614	-0.279323935508728	-0.19825933873653412	n/a	0.13062147796154022	0.4923301041126251	0.16216923296451569	0.5019019246101379	0.19978713989257812	0.19382412731647491	0.3099294900894165	-0.20780333876609802	-0.22491125762462616	-0.366227924823761	n/a	-0.16632196307182312	0.35913899540901184	n/a	-0.22396931052207947	0.20066066086292267	n/a	0.06944014132022858	-0.03711279481649399	-0.20014594495296478	0.12772150337696075	0.34540805220603943	0.1348131150007248	0.39427775144577026	0.02562561258673668	n/a	0.6621950268745422	n/a	-0.11796155571937561	0.25451093912124634	n/a	-0.19258932769298553	0.25179338455200195	0.5190913081169128	n/a	n/a	-0.222080796957016	n/a	n/a	1.0	0.3841460943222046	n/a	n/a	n/a	n/a	n/a	n/a	n/a	n/a	n/a	n/a	n/a	n/a	n/a	n/a	n/a	n/a	n/a	0.38141417503356934	n/a	n/a	n/a
Sal_LABEL_59	-0.21926338970661163	0.17969344556331635	-0.17472544312477112	0.14857232570648193	n/a	-0.24668976664543152	0.09377346187829971	n/a	n/a	0.018831046298146248	0.037753909826278687	0.002479905029758811	-0.1916624903678894	-0.33629074692726135	-0.2189725786447525	-0.275909960269928	-0.21677266061306	n/a	0.12408089637756348	0.14724616706371307	-0.2761279046535492	-0.1344563066959381	-0.041934702545404434	-0.03061760403215885	0.615103006362915	0.448953241109848	0.0017812285805121064	0.002256086328998208	n/a	0.43700581789016724	0.061129361391067505	n/a	0.09392241388559341	-0.10339096188545227	n/a	0.1911841630935669	0.0707874670624733	0.0492699071764946	-0.02232549712061882	0.025999080389738083	-0.2304082214832306	-0.14947791397571564	0.2973463833332062	n/a	0.3191780149936676	n/a	-0.14788219332695007	-0.11899159848690033	n/a	0.1519375890493393	0.09179145842790604	0.021416161209344864	n/a	n/a	-0.07115459442138672	n/a	n/a	0.3841460943222046	1.0	n/a	n/a	n/a	n/a	n/a	n/a	n/a	n/a	n/a	n/a	n/a	n/a	n/a	n/a	n/a	n/a	n/a	0.3305196464061737	n/a	n/a	n/a
SMd_LABEL_60	n/a	n/a	n/a	n/a	n/a	n/a	n/a	n/a	n/a	n/a	n/a	n/a	n/a	n/a	n/a	n/a	n/a	n/a	n/a	n/a	n/a	n/a	n/a	n/a	n/a	n/a	n/a	n/a	n/a	n/a	n/a	n/a	n/a	n/a	n/a	n/a	n/a	n/a	n/a	n/a	n/a	n/a	n/a	n/a	n/a	n/a	n/a	n/a	n/a	n/a	n/a	n/a	n/a	n/a	n/a	n/a	n/a	n/a	n/a	1.0	n/a	n/a	n/a	n/a	n/a	n/a	n/a	n/a	n/a	n/a	n/a	n/a	n/a	n/a	n/a	n/a	n/a	n/a	n/a	n/a
DAN_LABEL_61	n/a	n/a	n/a	n/a	n/a	n/a	n/a	n/a	n/a	n/a	n/a	n/a	n/a	n/a	n/a	n/a	n/a	n/a	n/a	n/a	n/a	n/a	n/a	n/a	n/a	n/a	n/a	n/a	n/a	n/a	n/a	n/a	n/a	n/a	n/a	n/a	n/a	n/a	n/a	n/a	n/a	n/a	n/a	n/a	n/a	n/a	n/a	n/a	n/a	n/a	n/a	n/a	n/a	n/a	n/a	n/a	n/a	n/a	n/a	n/a	1.0	n/a	n/a	n/a	n/a	n/a	n/a	n/a	n/a	n/a	n/a	n/a	n/a	n/a	n/a	n/a	n/a	n/a	n/a	n/a
FP_LABEL_62	n/a	n/a	n/a	n/a	n/a	n/a	n/a	n/a	n/a	n/a	n/a	n/a	n/a	n/a	n/a	n/a	n/a	n/a	n/a	n/a	n/a	n/a	n/a	n/a	n/a	n/a	n/a	n/a	n/a	n/a	n/a	n/a	n/a	n/a	n/a	n/a	n/a	n/a	n/a	n/a	n/a	n/a	n/a	n/a	n/a	n/a	n/a	n/a	n/a	n/a	n/a	n/a	n/a	n/a	n/a	n/a	n/a	n/a	n/a	n/a	n/a	1.0	n/a	n/a	n/a	n/a	n/a	n/a	n/a	n/a	n/a	n/a	n/a	n/a	n/a	n/a	n/a	n/a	n/a	n/a
DMN_LABEL_63	n/a	n/a	n/a	n/a	n/a	n/a	n/a	n/a	n/a	n/a	n/a	n/a	n/a	n/a	n/a	n/a	n/a	n/a	n/a	n/a	n/a	n/a	n/a	n/a	n/a	n/a	n/a	n/a	n/a	n/a	n/a	n/a	n/a	n/a	n/a	n/a	n/a	n/a	n/a	n/a	n/a	n/a	n/a	n/a	n/a	n/a	n/a	n/a	n/a	n/a	n/a	n/a	n/a	n/a	n/a	n/a	n/a	n/a	n/a	n/a	n/a	n/a	1.0	n/a	n/a	n/a	n/a	n/a	n/a	n/a	n/a	n/a	n/a	n/a	n/a	n/a	n/a	n/a	n/a	n/a
FP_LABEL_64	n/a	n/a	n/a	n/a	n/a	n/a	n/a	n/a	n/a	n/a	n/a	n/a	n/a	n/a	n/a	n/a	n/a	n/a	n/a	n/a	n/a	n/a	n/a	n/a	n/a	n/a	n/a	n/a	n/a	n/a	n/a	n/a	n/a	n/a	n/a	n/a	n/a	n/a	n/a	n/a	n/a	n/a	n/a	n/a	n/a	n/a	n/a	n/a	n/a	n/a	n/a	n/a	n/a	n/a	n/a	n/a	n/a	n/a	n/a	n/a	n/a	n/a	n/a	1.0	n/a	n/a	n/a	n/a	n/a	n/a	n/a	n/a	n/a	n/a	n/a	n/a	n/a	n/a	n/a	n/a
FP_LABEL_65	n/a	n/a	n/a	n/a	n/a	n/a	n/a	n/a	n/a	n/a	n/a	n/a	n/a	n/a	n/a	n/a	n/a	n/a	n/a	n/a	n/a	n/a	n/a	n/a	n/a	n/a	n/a	n/a	n/a	n/a	n/a	n/a	n/a	n/a	n/a	n/a	n/a	n/a	n/a	n/a	n/a	n/a	n/a	n/a	n/a	n/a	n/a	n/a	n/a	n/a	n/a	n/a	n/a	n/a	n/a	n/a	n/a	n/a	n/a	n/a	n/a	n/a	n/a	n/a	1.0	n/a	n/a	n/a	n/a	n/a	n/a	n/a	n/a	n/a	n/a	n/a	n/a	n/a	n/a	n/a
SMd_LABEL_66	n/a	n/a	n/a	n/a	n/a	n/a	n/a	n/a	n/a	n/a	n/a	n/a	n/a	n/a	n/a	n/a	n/a	n/a	n/a	n/a	n/a	n/a	n/a	n/a	n/a	n/a	n/a	n/a	n/a	n/a	n/a	n/a	n/a	n/a	n/a	n/a	n/a	n/a	n/a	n/a	n/a	n/a	n/a	n/a	n/a	n/a	n/a	n/a	n/a	n/a	n/a	n/a	n/a	n/a	n/a	n/a	n/a	n/a	n/a	n/a	n/a	n/a	n/a	n/a	n/a	1.0	n/a	n/a	n/a	n/a	n/a	n/a	n/a	n/a	n/a	n/a	n/a	n/a	n/a	n/a
SMl_LABEL_67	n/a	n/a	n/a	n/a	n/a	n/a	n/a	n/a	n/a	n/a	n/a	n/a	n/a	n/a	n/a	n/a	n/a	n/a	n/a	n/a	n/a	n/a	n/a	n/a	n/a	n/a	n/a	n/a	n/a	n/a	n/a	n/a	n/a	n/a	n/a	n/a	n/a	n/a	n/a	n/a	n/a	n/a	n/a	n/a	n/a	n/a	n/a	n/a	n/a	n/a	n/a	n/a	n/a	n/a	n/a	n/a	n/a	n/a	n/a	n/a	n/a	n/a	n/a	n/a	n/a	n/a	1.0	n/a	n/a	n/a	n/a	n/a	n/a	n/a	n/a	n/a	n/a	n/a	n/a	n/a
SMd_LABEL_68	n/a	n/a	n/a	n/a	n/a	n/a	n/a	n/a	n/a	n/a	n/a	n/a	n/a	n/a	n/a	n/a	n/a	n/a	n/a	n/a	n/a	n/a	n/a	n/a	n/a	n/a	n/a	n/a	n/a	n/a	n/a	n/a	n/a	n/a	n/a	n/a	n/a	n/a	n/a	n/a	n/a	n/a	n/a	n/a	n/a	n/a	n/a	n/a	n/a	n/a	n/a	n/a	n/a	n/a	n/a	n/a	n/a	n/a	n/a	n/a	n/a	n/a	n/a	n/a	n/a	n/a	n/a	1.0	n/a	n/a	n/a	n/a	n/a	n/a	n/a	n/a	n/a	n/a	n/a	n/a
DMN_LABEL_69	n/a	n/a	n/a	n/a	n/a	n/a	n/a	n/a	n/a	n/a	n/a	n/a	n/a	n/a	n/a	n/a	n/a	n/a	n/a	n/a	n/a	n/a	n/a	n/a	n/a	n/a	n/a	n/a	n/a	n/a	n/a	n/a	n/a	n/a	n/a	n/a	n/a	n/a	n/a	n/a	n/a	n/a	n/a	n/a	n/a	n/a	n/a	n/a	n/a	n/a	n/a	n/a	n/a	n/a	n/a	n/a	n/a	n/a	n/a	n/a	n/a	n/a	n/a	n/a	n/a	n/a	n/a	n/a	1.0	n/a	n/a	n/a	n/a	n/a	n/a	n/a	n/a	n/a	n/a	n/a
DAN_LABEL_70	n/a	n/a	n/a	n/a	n/a	n/a	n/a	n/a	n/a	n/a	n/a	n/a	n/a	n/a	n/a	n/a	n/a	n/a	n/a	n/a	n/a	n/a	n/a	n/a	n/a	n/a	n/a	n/a	n/a	n/a	n/a	n/a	n/a	n/a	n/a	n/a	n/a	n/a	n/a	n/a	n/a	n/a	n/a	n/a	n/a	n/a	n/a	n/a	n/a	n/a	n/a	n/a	n/a	n/a	n/a	n/a	n/a	n/a	n/a	n/a	n/a	n/a	n/a	n/a	n/a	n/a	n/a	n/a	n/a	1.0	n/a	n/a	n/a	n/a	n/a	n/a	n/a	n/a	n/a	n/a
DMN_LABEL_71	n/a	n/a	n/a	n/a	n/a	n/a	n/a	n/a	n/a	n/a	n/a	n/a	n/a	n/a	n/a	n/a	n/a	n/a	n/a	n/a	n/a	n/a	n/a	n/a	n/a	n/a	n/a	n/a	n/a	n/a	n/a	n/a	n/a	n/a	n/a	n/a	n/a	n/a	n/a	n/a	n/a	n/a	n/a	n/a	n/a	n/a	n/a	n/a	n/a	n/a	n/a	n/a	n/a	n/a	n/a	n/a	n/a	n/a	n/a	n/a	n/a	n/a	n/a	n/a	n/a	n/a	n/a	n/a	n/a	n/a	1.0	n/a	n/a	n/a	n/a	n/a	n/a	n/a	n/a	n/a
FP_LABEL_72	n/a	n/a	n/a	n/a	n/a	n/a	n/a	n/a	n/a	n/a	n/a	n/a	n/a	n/a	n/a	n/a	n/a	n/a	n/a	n/a	n/a	n/a	n/a	n/a	n/a	n/a	n/a	n/a	n/a	n/a	n/a	n/a	n/a	n/a	n/a	n/a	n/a	n/a	n/a	n/a	n/a	n/a	n/a	n/a	n/a	n/a	n/a	n/a	n/a	n/a	n/a	n/a	n/a	n/a	n/a	n/a	n/a	n/a	n/a	n/a	n/a	n/a	n/a	n/a	n/a	n/a	n/a	n/a	n/a	n/a	n/a	1.0	n/a	n/a	n/a	n/a	n/a	n/a	n/a	n/a
SMd_LABEL_73	n/a	n/a	n/a	n/a	n/a	n/a	n/a	n/a	n/a	n/a	n/a	n/a	n/a	n/a	n/a	n/a	n/a	n/a	n/a	n/a	n/a	n/a	n/a	n/a	n/a	n/a	n/a	n/a	n/a	n/a	n/a	n/a	n/a	n/a	n/a	n/a	n/a	n/a	n/a	n/a	n/a	n/a	n/a	n/a	n/a	n/a	n/a	n/a	n/a	n/a	n/a	n/a	n/a	n/a	n/a	n/a	n/a	n/a	n/a	n/a	n/a	n/a	n/a	n/a	n/a	n/a	n/a	n/a	n/a	n/a	n/a	n/a	1.0	n/a	n/a	n/a	n/a	n/a	n/a	n/a
SMl_LABEL_74	n/a	n/a	n/a	n/a	n/a	n/a	n/a	n/a	n/a	n/a	n/a	n/a	n/a	n/a	n/a	n/a	n/a	n/a	n/a	n/a	n/a	n/a	n/a	n/a	n/a	n/a	n/a	n/a	n/a	n/a	n/a	n/a	n/a	n/a	n/a	n/a	n/a	n/a	n/a	n/a	n/a	n/a	n/a	n/a	n/a	n/a	n/a	n/a	n/a	n/a	n/a	n/a	n/a	n/a	n/a	n/a	n/a	n/a	n/a	n/a	n/a	n/a	n/a	n/a	n/a	n/a	n/a	n/a	n/a	n/a	n/a	n/a	n/a	1.0	n/a	n/a	n/a	n/a	n/a	n/a
MTL_LABEL_75	n/a	n/a	n/a	n/a	n/a	n/a	n/a	n/a	n/a	n/a	n/a	n/a	n/a	n/a	n/a	n/a	n/a	n/a	n/a	n/a	n/a	n/a	n/a	n/a	n/a	n/a	n/a	n/a	n/a	n/a	n/a	n/a	n/a	n/a	n/a	n/a	n/a	n/a	n/a	n/a	n/a	n/a	n/a	n/a	n/a	n/a	n/a	n/a	n/a	n/a	n/a	n/a	n/a	n/a	n/a	n/a	n/a	n/a	n/a	n/a	n/a	n/a	n/a	n/a	n/a	n/a	n/a	n/a	n/a	n/a	n/a	n/a	n/a	n/a	1.0	n/a	n/a	n/a	n/a	n/a
MTL_LABEL_76	n/a	n/a	n/a	n/a	n/a	n/a	n/a	n/a	n/a	n/a	n/a	n/a	n/a	n/a	n/a	n/a	n/a	n/a	n/a	n/a	n/a	n/a	n/a	n/a	n/a	n/a	n/a	n/a	n/a	n/a	n/a	n/a	n/a	n/a	n/a	n/a	n/a	n/a	n/a	n/a	n/a	n/a	n/a	n/a	n/a	n/a	n/a	n/a	n/a	n/a	n/a	n/a	n/a	n/a	n/a	n/a	n/a	n/a	n/a	n/a	n/a	n/a	n/a	n/a	n/a	n/a	n/a	n/a	n/a	n/a	n/a	n/a	n/a	n/a	n/a	1.0	n/a	n/a	n/a	n/a
CO_LABEL_77	0.03936367109417915	0.41533997654914856	0.06968159973621368	0.24619160592556	n/a	0.10568203032016754	0.07576196640729904	n/a	n/a	-0.3456380367279053	-0.22115643322467804	-0.09361536800861359	-0.10838447511196136	0.06573612242937088	-0.18954706192016602	0.16332794725894928	-0.14613336324691772	n/a	0.0712675154209137	0.41215234994888306	0.1786470264196396	-0.11167427152395248	0.128242626786232	0.46202167868614197	0.13619756698608398	0.07067930698394775	0.09864191710948944	-0.388031929731369	n/a	0.19966475665569305	-0.24125735461711884	n/a	0.18401679396629333	-0.1114630401134491	n/a	-0.016472693532705307	-0.11364692449569702	-0.17480473220348358	0.008733220398426056	-0.09578485041856766	0.04275577515363693	-0.07837775349617004	-0.14304335415363312	n/a	0.256135493516922	n/a	0.06998703628778458	0.34099918603897095	n/a	0.12408608943223953	0.12476972490549088	0.16730451583862305	n/a	n/a	-0.3119627833366394	n/a	n/a	0.38141417503356934	0.3305196464061737	n/a	n/a	n/a	n/a	n/a	n/a	n/a	n/a	n/a	n/a	n/a	n/a	n/a	n/a	n/a	n/a	n/a	1.0	n/a	n/a	n/a
CO_LABEL_78	n/a	n/a	n/a	n/a	n/a	n/a	n/a	n/a	n/a	n/a	n/a	n/a	n/a	n/a	n/a	n/a	n/a	n/a	n/a	n/a	n/a	n/a	n/a	n/a	n/a	n/a	n/a	n/a	n/a	n/a	n/a	n/a	n/a	n/a	n/a	n/a	n/a	n/a	n/a	n/a	n/a	n/a	n/a	n/a	n/a	n/a	n/a	n/a	n/a	n/a	n/a	n/a	n/a	n/a	n/a	n/a	n/a	n/a	n/a	n/a	n/a	n/a	n/a	n/a	n/a	n/a	n/a	n/a	n/a	n/a	n/a	n/a	n/a	n/a	n/a	n/a	n/a	1.0	n/a	n/a
Vis_LABEL_79	n/a	n/a	n/a	n/a	n/a	n/a	n/a	n/a	n/a	n/a	n/a	n/a	n/a	n/a	n/a	n/a	n/a	n/a	n/a	n/a	n/a	n/a	n/a	n/a	n/a	n/a	n/a	n/a	n/a	n/a	n/a	n/a	n/a	n/a	n/a	n/a	n/a	n/a	n/a	n/a	n/a	n/a	n/a	n/a	n/a	n/a	n/a	n/a	n/a	n/a	n/a	n/a	n/a	n/a	n/a	n/a	n/a	n/a	n/a	n/a	n/a	n/a	n/a	n/a	n/a	n/a	n/a	n/a	n/a	n/a	n/a	n/a	n/a	n/a	n/a	n/a	n/a	n/a	1.0	n/a
Vis_LABEL_80	n/a	n/a	n/a	n/a	n/a	n/a	n/a	n/a	n/a	n/a	n/a	n/a	n/a	n/a	n/a	n/a	n/a	n/a	n/a	n/a	n/a	n/a	n/a	n/a	n/a	n/a	n/a	n/a	n/a	n/a	n/a	n/a	n/a	n/a	n/a	n/a	n/a	n/a	n/a	n/a	n/a	n/a	n/a	n/a	n/a	n/a	n/a	n/a	n/a	n/a	n/a	n/a	n/a	n/a	n/a	n/a	n/a	n/a	n/a	n/a	n/a	n/a	n/a	n/a	n/a	n/a	n/a	n/a	n/a	n/a	n/a	n/a	n/a	n/a	n/a	n/a	n/a	n/a	n/a	1.0
